{"swagger":"2.0","info":{"title":"Construction Store API Documentation","license":{}},"host":"localhost:8080","basePath":"/","tags":[{"name":"login-controller","description":"Login Controller"},{"name":"order-controller","description":"Order Controller"},{"name":"product-controller","description":"Product Controller"},{"name":"user-controller","description":"User Controller"}],"paths":{"/api/v1/orders":{"get":{"tags":["order-controller"],"summary":"getOrders","operationId":"getOrdersUsingGET","produces":["application/json"],"parameters":[{"name":"Authorization","in":"header","description":"Bearer eyJhbGciOiJ...","required":true,"type":"string"}],"responses":{"200":{"description":"OK","schema":{"$ref":"#/definitions/OrderCompositionDto"}}}},"post":{"tags":["order-controller"],"summary":"createOrder","operationId":"createOrderUsingPOST","consumes":["application/json"],"produces":["application/json"],"parameters":[{"name":"Authorization","in":"header","description":"Bearer eyJhbGciOiJ...","required":true,"type":"string"},{"in":"body","name":"orderBaseDto","description":"orderBaseDto","required":true,"schema":{"$ref":"#/definitions/OrderBaseDto"}}],"responses":{"200":{"description":"OK"}}}},"/api/v1/orders/{order-id}":{"delete":{"tags":["order-controller"],"summary":"deleteOrder","operationId":"deleteOrderUsingDELETE","produces":["application/json"],"parameters":[{"name":"Authorization","in":"header","description":"Bearer eyJhbGciOiJ...","required":true,"type":"string"},{"name":"order-id","in":"path","description":"order-id","required":true,"type":"integer","format":"int32"}],"responses":{"200":{"description":"OK"}}}},"/api/v1/orders/{order-id}/status":{"put":{"tags":["order-controller"],"summary":"updateOrderStatus","operationId":"updateOrderStatusUsingPUT","consumes":["application/json"],"produces":["application/json"],"parameters":[{"name":"Authorization","in":"header","description":"Bearer eyJhbGciOiJ...","required":true,"type":"string"},{"name":"order-id","in":"path","description":"order-id","required":true,"type":"integer","format":"int32"},{"name":"status","in":"query","description":"status","required":true,"type":"string","enum":["CANCEL","DONE","IN_PROGRESS"]}],"responses":{"200":{"description":"OK"}}}},"/api/v1/products":{"get":{"tags":["product-controller"],"summary":"getProducts","operationId":"getProductsUsingGET","produces":["application/json"],"parameters":[{"name":"Authorization","in":"header","description":"Bearer eyJhbGciOiJ...","required":true,"type":"string"}],"responses":{"200":{"description":"OK","schema":{"$ref":"#/definitions/ProductCompositionDto"}}}},"post":{"tags":["product-controller"],"summary":"createProduct","operationId":"createProductUsingPOST","consumes":["application/json"],"produces":["application/json"],"parameters":[{"name":"Authorization","in":"header","description":"Bearer eyJhbGciOiJ...","required":true,"type":"string"},{"in":"body","name":"productBaseDto","description":"productBaseDto","required":true,"schema":{"$ref":"#/definitions/ProductBaseDto"}}],"responses":{"200":{"description":"OK"}}}},"/api/v1/products/{product-id}":{"put":{"tags":["product-controller"],"summary":"updateProduct","operationId":"updateProductUsingPUT","consumes":["application/json"],"produces":["application/json"],"parameters":[{"name":"Authorization","in":"header","description":"Bearer eyJhbGciOiJ...","required":true,"type":"string"},{"name":"product-id","in":"path","description":"product-id","required":true,"type":"integer","format":"int32"},{"in":"body","name":"productBaseDto","description":"productBaseDto","required":true,"schema":{"$ref":"#/definitions/ProductBaseDto"}}],"responses":{"200":{"description":"OK"}}},"delete":{"tags":["product-controller"],"summary":"deleteProduct","operationId":"deleteProductUsingDELETE","produces":["application/json"],"parameters":[{"name":"Authorization","in":"header","description":"Bearer eyJhbGciOiJ...","required":true,"type":"string"},{"name":"product-id","in":"path","description":"product-id","required":true,"type":"integer","format":"int32"}],"responses":{"200":{"description":"OK"}}}},"/api/v1/sign-in":{"post":{"tags":["login-controller"],"summary":"signIn","operationId":"signInUsingPOST","consumes":["application/json"],"produces":["application/json"],"parameters":[{"name":"X-AUTH-PASSWORD","in":"header","description":"X-AUTH-PASSWORD","required":true,"type":"string"},{"name":"X-AUTH-USERNAME","in":"header","description":"X-AUTH-USERNAME","required":true,"type":"string"}],"responses":{"200":{"description":"OK","schema":{"$ref":"#/definitions/TokenDto"}}}}},"/api/v1/sign-up":{"post":{"tags":["login-controller"],"summary":"signUp","operationId":"signUpUsingPOST","consumes":["application/json"],"produces":["application/json"],"parameters":[{"in":"body","name":"userBaseDto","description":"userBaseDto","required":true,"schema":{"$ref":"#/definitions/UserBaseDto"}},{"name":"X-AUTH-PASSWORD","in":"header","description":"X-AUTH-PASSWORD","required":true,"type":"string"},{"name":"X-AUTH-USERNAME","in":"header","description":"X-AUTH-USERNAME","required":true,"type":"string"}],"responses":{"200":{"description":"OK"}}}},"/api/v1/users":{"get":{"tags":["user-controller"],"summary":"getUsers","operationId":"getUsersUsingGET","produces":["application/json"],"parameters":[{"name":"Authorization","in":"header","description":"Bearer eyJhbGciOiJ...","required":true,"type":"string"}],"responses":{"200":{"description":"OK","schema":{"$ref":"#/definitions/UserCompositionDto"}}}}},"/api/v1/users/{user-id}":{"delete":{"tags":["user-controller"],"summary":"deleteUsers","operationId":"deleteUsersUsingDELETE","produces":["application/json"],"parameters":[{"name":"Authorization","in":"header","description":"Bearer eyJhbGciOiJ...","required":true,"type":"string"},{"name":"user-id","in":"path","description":"user-id","required":true,"type":"integer","format":"int32"}],"responses":{"200":{"description":"OK"}}}}},"definitions":{"OrderBaseDto":{"type":"object","properties":{"products":{"type":"array","items":{"$ref":"#/definitions/ProductInfoDto"}}},"title":"OrderBaseDto"},"OrderCompositionDto":{"type":"object","properties":{"orders":{"type":"array","items":{"$ref":"#/definitions/OrderDto"}}},"title":"OrderCompositionDto"},"OrderDto":{"type":"object","properties":{"orderDate":{"type":"string","format":"date-time"},"orderId":{"type":"integer","format":"int32"},"products":{"type":"array","items":{"$ref":"#/definitions/ProductDto"}},"status":{"type":"string","enum":["CANCEL","DONE","IN_PROGRESS"]},"userDto":{"$ref":"#/definitions/UserDto"}},"title":"OrderDto"},"ProductBaseDto":{"type":"object","properties":{"productCurrency":{"type":"string","enum":["EU","PLN","USD"]},"productName":{"type":"string"},"productPrice":{"type":"number","format":"double"},"productQuantity":{"type":"integer","format":"int32"}},"title":"ProductBaseDto"},"ProductCompositionDto":{"type":"object","properties":{"products":{"type":"array","items":{"$ref":"#/definitions/ProductDto"}}},"title":"ProductCompositionDto"},"ProductDto":{"type":"object","properties":{"productCurrency":{"type":"string","enum":["EU","PLN","USD"]},"productId":{"type":"integer","format":"int32"},"productName":{"type":"string"},"productPrice":{"type":"number","format":"double"},"productQuantity":{"type":"integer","format":"int32"}},"title":"ProductDto"},"ProductInfoDto":{"type":"object","properties":{"productId":{"type":"integer","format":"int32"},"productQuantity":{"type":"integer","format":"int32"}},"title":"ProductInfoDto"},"TokenDto":{"type":"object","properties":{"admin":{"type":"boolean"},"token":{"type":"string"}},"title":"TokenDto"},"UserBaseDto":{"type":"object","properties":{"lastName":{"type":"string"},"name":{"type":"string"}},"title":"UserBaseDto"},"UserCompositionDto":{"type":"object","properties":{"users":{"type":"array","items":{"$ref":"#/definitions/UserDto"}}},"title":"UserCompositionDto"},"UserDto":{"type":"object","properties":{"id":{"type":"integer","format":"int32"},"lastName":{"type":"string"},"name":{"type":"string"},"userName":{"type":"string"}},"title":"UserDto"}}}